<application>
  <component name="FileTypeManager" version="18">
    <extensionMap>
      <mapping pattern="escape-html" type="AUTO_DETECTED" />
      <mapping pattern=".env.uat" type="AUTO_DETECTED" />
      <mapping ext="vue" type="HTML" />
      <removed_mapping pattern=".prettierrc" type="JSON" />
      <mapping pattern=".env.prod" type="PLAIN_TEXT" />
      <mapping pattern=".postcssrc " type="PLAIN_TEXT" />
      <mapping pattern=".postcssrc" type="PLAIN_TEXT" />
      <mapping ext="wxml" type="PLAIN_TEXT" />
      <removed_mapping ext="vue" approved="true" type="Vue.js" />
    </extensionMap>
  </component>
</application>