<application>
  <component name="FindSettings">
    <option name="customScope" value="All Places" />
    <option name="defaultScopeName" value="All Places" />
    <option name="skipResultsWithOneUsage" value="true" />
    <option name="SKIP_RESULTS_WHEN_ONE_USAGE" value="true" />
    <option name="SEARCH_SCOPE" value="All Places" />
    <mask>*styl</mask>
    <mask>*less</mask>
    <mask>*vue</mask>
    <mask>*.xml</mask>
    <mask>*.css</mask>
    <mask>*.shtml</mask>
    <mask>*.vue</mask>
    <mask>*.shtm</mask>
    <mask>*.htm</mask>
    <mask>*.sht</mask>
    <mask>*.html</mask>
    <mask>*.ats</mask>
    <mask>*.ts</mask>
    <mask>*.cjs</mask>
    <mask>*.js</mask>
  </component>
</application>