<keymap version="1" name="mykeymap" parent="VSCode OSX">
  <action id="ActivateProjectToolWindow">
    <keyboard-shortcut first-keystroke="meta 1" />
  </action>
  <action id="ActivateTerminalToolWindow">
    <keyboard-shortcut first-keystroke="meta j" />
  </action>
  <action id="ChooseRunConfiguration" />
  <action id="CommentByLineComment">
    <keyboard-shortcut first-keystroke="meta slash" />
  </action>
  <action id="DuplicatesForm.SendToLeft" />
  <action id="FileChooser.GotoHome" />
  <action id="FileChooserList.Root" />
  <action id="GotoDeclaration">
    <mouse-shortcut keystroke="meta button1" />
    <mouse-shortcut keystroke="button2" />
    <mouse-shortcut keystroke="Force touch" />
    <keyboard-shortcut first-keystroke="meta semicolon" />
  </action>
  <action id="Graph.ActualSize" />
  <action id="HideActiveWindow" />
  <action id="NextSplitter" />
  <action id="NextTab">
    <keyboard-shortcut first-keystroke="shift meta close_bracket" />
  </action>
  <action id="PreviousTab">
    <keyboard-shortcut first-keystroke="shift meta open_bracket" />
  </action>
  <action id="Refresh" />
  <action id="RenameElement">
    <keyboard-shortcut first-keystroke="f2" />
    <keyboard-shortcut first-keystroke="r" second-keystroke="n" />
  </action>
  <action id="Replace">
    <keyboard-shortcut first-keystroke="meta r" />
  </action>
  <action id="ReplaceInPath">
    <keyboard-shortcut first-keystroke="shift meta r" />
  </action>
  <action id="Rerun">
    <keyboard-shortcut first-keystroke="shift meta f5" />
  </action>
  <action id="RerunFailedTests" />
  <action id="ShowProjectStructureSettings" />
  <action id="Terminal.NextSplitter" />
  <action id="Terminal.PrevSplitter" />
  <action id="UsageView.Rerun">
    <keyboard-shortcut first-keystroke="shift meta f5" />
  </action>
</keymap>