<keymap version="1" name="VSCode (macOS) 副本" parent="VSCode OSX">
  <action id="ActivateProjectToolWindow">
    <keyboard-shortcut first-keystroke="meta 1" />
  </action>
  <action id="ActivateTerminalToolWindow">
    <keyboard-shortcut first-keystroke="meta j" />
  </action>
  <action id="DuplicatesForm.SendToLeft" />
  <action id="FileChooser.GotoHome" />
  <action id="HideActiveWindow" />
  <action id="Refresh" />
  <action id="RenameElement">
    <keyboard-shortcut first-keystroke="f2" />
    <keyboard-shortcut first-keystroke="r" second-keystroke="n" />
  </action>
  <action id="Replace">
    <keyboard-shortcut first-keystroke="meta r" />
  </action>
  <action id="ReplaceInPath">
    <keyboard-shortcut first-keystroke="shift meta r" />
  </action>
</keymap>